,Asset_Class,Weight
0,US_Stocks,0.6034256391609465
1,US_Bonds,0.1175590250257943
2,Dev_Stocks_ExUS,0.017664571305897547
3,Dev_Bonds_ExUS,0.02236110151759533
4,EM_Stocks,0.0035018641140248897
5,EM_Bonds,0.041092244043697025
6,Cash,0.06761275574330339
7,Gold,0.12678279908874096
