,Asset_Class,Weight
0,US_Stocks,0.5488470635430703
1,US_Bonds,0.23226849698180524
2,Dev_Stocks_ExUS,0.0076464721416737306
3,Dev_Bonds_ExUS,0.030842556874552573
4,EM_Stocks,0.024880045361480575
5,EM_Bonds,0.005732666172337589
6,Cash,0.05301023590226863
7,Gold,0.09677246302281137
